{
  "name": "Oracle",
  "accuracy": 0.7933333333333333,
  "accuracy_routable": 1.0,
  "total_cost": 0.5539832,
  "avg_cost": 0.0007386442666666667,
  "cost_per_correct": 0.0009310642016806723,
  "oracle_efficiency": 100.0,
  "n_correct": 595,
  "n_total": 750,
  "n_routable": 595,
  "total_cost_routable": 0.41567876999999975,
  "avg_cost_routable": 0.0006986197815126047,
  "cascade_total_cost": null
}