{
  "name": "RandomForest",
  "accuracy": 0.48,
  "accuracy_routable": 0.6050420168067226,
  "total_cost": 0.18784817999999998,
  "avg_cost": 0.00025046423999999996,
  "cost_per_correct": 0.0005218005,
  "oracle_efficiency": 100.0,
  "n_correct": 360,
  "n_total": 750,
  "n_routable": 595,
  "total_cost_routable": 0.08770858999999938,
  "avg_cost_routable": 0.00014740939495798216,
  "cascade_total_cost": null
}